﻿<?xml version="1.0" encoding="utf-8"?>

<Deployment xmlns="http://schemas.microsoft.com/windowsphone/2009/deployment" AppPlatformVersion="7.0">
  <App xmlns="" ProductID="{3ce7f83d-cd18-42ed-99f7-62acb249cdaf}" Title="YouAreHere" RuntimeType="SilverLight" Version="1.0.0.0" Genre="NormalApp"  Author="" Description="" Publisher="">
    <IconPath IsRelative="true" IsResource="false">ApplicationIcon.png</IconPath>
    <Capabilities>
    </Capabilities>
    <Tasks>
      <DefaultTask  Name ="_default" PlaceHolderString="Default task"/>
    </Tasks>
    <Tokens>
      <PrimaryToken TokenID="YouAreHereToken" TaskName="_default">
        <TemplateType5>
          <BackgroundImageURI IsRelative="true" IsResource="false">Background.png</BackgroundImageURI>
          <Count>0</Count>
          <Title>YouAreHere</Title>
        </TemplateType5>
      </PrimaryToken>
    </Tokens>
  </App>
</Deployment>