﻿<?xml version="1.0" encoding="utf-8"?>

<Deployment xmlns="http://schemas.microsoft.com/windowsphone/2009/deployment" AppPlatformVersion="7.0">
  <App xmlns="" ProductID="{1873a269-e8b7-4b50-bc3e-c7b00256a610}" Title="PhoneHost" RuntimeType="SilverLight" Version="1.0.0.0" Genre="NormalApp"  Author="" Description="" Publisher="">
    <IconPath IsRelative ="true" IsResource="true">res://StartMenu!AppIconGeneric.png</IconPath>
    <Capabilities>
    </Capabilities>
    <Tasks>
      <DefaultTask  Name ="_default" PlaceHolderString="Default task"/>
    </Tasks>
    <Tokens>
      <PrimaryToken TokenID="PhoneHostToken" TaskName="_default">
        <TemplateType5>
          <BackgroundImageURI  IsRelative="true"  IsResource="false">ApplicationIcon.png</BackgroundImageURI>
          <Count>0</Count>
          <Title>PhoneHost</Title>
        </TemplateType5>
      </PrimaryToken>
    </Tokens>
  </App>
</Deployment>